tactic_id,tactic,technique_id,technique,coverage,detections,seen_in_if_uncovered,mitigations
TA0108,Initial Access,T0817,Drive-by Compromise,none,,network,M0921 Restrict Web-Based Content; M0948 Application Isolation and Sandboxing; M0950 Exploit Protection; M0951 Update Software
TA0108,Initial Access,T0819,Exploit Public-Facing Application,none,,network,M0916 Vulnerability Scanning; M0926 Privileged Account Management; M0930 Network Segmentation; M0948 Application Isolation and Sandboxing; M0950 Exploit Protection; M0951 Update Software
TA0108,Initial Access,T0866,Exploitation of Remote Services,direct,"Suricata 1900182, 1900183, (1900184), (1900185)",,M0916 Vulnerability Scanning; M0919 Threat Intelligence Program; M0926 Privileged Account Management; M0930 Network Segmentation; M0942 Disable or Remove Feature or Program; M0948 Application Isolation and Sandboxing; M0950 Exploit Protection; M0951 Update Software
TA0108,Initial Access,T0822,External Remote Services,related,"Suricata (1900475), (1900476), (1900477)",,M0918 User Account Management; M0927 Password Policies; M0930 Network Segmentation; M0932 Multi-factor Authentication; M0935 Limit Access to Resource Over Network; M0936 Account Use Policies; M0942 Disable or Remove Feature or Program
TA0108,Initial Access,T0883,Internet Accessible Device,related,"Suricata (1900171), (1900172), (1900181)",,M0930 Network Segmentation
TA0108,Initial Access,T0886,Remote Services,none,,network,M0800 Authorization Enforcement; M0801 Access Management; M0804 Human User Authentication; M0807 Network Allowlists; M0813 Software Process and Device Authentication; M0918 User Account Management; M0927 Password Policies; M0930 Network Segmentation; M0937 Filter Network Traffic
TA0108,Initial Access,T0847,Replication Through Removable Media,none,,host,M0928 Operating System Configuration; M0934 Limit Hardware Installation; M0942 Disable or Remove Feature or Program
TA0108,Initial Access,T0848,Rogue Master,none,,network,M0802 Communication Authenticity; M0807 Network Allowlists; M0813 Software Process and Device Authentication; M0930 Network Segmentation; M0937 Filter Network Traffic
TA0108,Initial Access,T0865,Spearphishing Attachment,none,,network,M0917 User Training; M0921 Restrict Web-Based Content; M0931 Network Intrusion Prevention; M0949 Antivirus/Antimalware
TA0108,Initial Access,T0862,Supply Chain Compromise,none,,host,M0817 Supply Chain Management; M0916 Vulnerability Scanning; M0945 Code Signing; M0947 Audit; M0951 Update Software
TA0108,Initial Access,T0864,Transient Cyber Asset,none,,network,M0930 Network Segmentation; M0941 Encrypt Sensitive Information; M0947 Audit; M0949 Antivirus/Antimalware; M0951 Update Software
TA0108,Initial Access,T0860,Wireless Compromise,none,,network,M0802 Communication Authenticity; M0806 Minimize Wireless Signal Propagation; M0808 Encrypt Network Traffic; M0813 Software Process and Device Authentication
TA0104,Execution,T0895,Autorun Image,none,,host,M0928 Operating System Configuration
TA0104,Execution,T0858,Change Operating Mode,direct,"Suricata (1900123), (1900124), (1900125), (1900126), (1900142), 1900151, 1900152, 1900463, and 5 more · Zeek ACID bacnet, enip/cip, s7comm",,M0800 Authorization Enforcement; M0801 Access Management; M0802 Communication Authenticity; M0804 Human User Authentication; M0807 Network Allowlists; M0813 Software Process and Device Authentication; M0930 Network Segmentation
TA0104,Execution,T0807,Command-Line Interface,none,,host,M0938 Execution Prevention; M0942 Disable or Remove Feature or Program
TA0104,Execution,T0871,Execution through API,none,,host,M0800 Authorization Enforcement; M0801 Access Management; M0804 Human User Authentication; M0938 Execution Prevention
TA0104,Execution,T0823,Graphical User Interface,none,,host,M0816 Mitigation Limited or Not Effective
TA0104,Execution,T0874,Hooking,none,,host,M0944 Restrict Library Loading; M0947 Audit
TA0104,Execution,T0821,Modify Controller Tasking,none,,host,M0800 Authorization Enforcement; M0804 Human User Authentication; M0945 Code Signing; M0947 Audit
TA0104,Execution,T0834,Native API,none,,host,M0938 Execution Prevention
TA0104,Execution,T0853,Scripting,related,"Suricata (1900002) · YARA (TechDetechtives_OT_Script_Stops_Or_Reprograms_Controller), (TechDetechtives_PowerShell_Download_And_Run), (TechDetechtives_PowerShell_Encoded_Launcher), (TechDetechtives_Script_Base64_Decode_And_Invoke), (TechDetechtives_Script_Disables_AMSI), (TechDetechtives_Script_Runs_Command_Through_WScript_Shell)",,M0938 Execution Prevention; M0942 Disable or Remove Feature or Program; M0948 Application Isolation and Sandboxing
TA0104,Execution,T0863,User Execution,related,YARA (TechDetechtives_Shortcut_Starts_Script_Interpreter),,M0917 User Training; M0921 Restrict Web-Based Content; M0931 Network Intrusion Prevention; M0938 Execution Prevention; M0945 Code Signing; M0949 Antivirus/Antimalware
TA0110,Persistence,T1694,Insecure Credentials,none,,network,M0801 Access Management
TA0110,Persistence,T1694.001,Insecure Credentials: Default Credentials,none,,network,M0801 Access Management; M0927 Password Policies
TA0110,Persistence,T1694.002,Insecure Credentials: Hardcoded Credentials,none,,network,M0801 Access Management
TA0110,Persistence,T1693,Modify Firmware,direct,,,M0801 Access Management; M0802 Communication Authenticity; M0804 Human User Authentication; M0807 Network Allowlists; M0808 Encrypt Network Traffic; M0813 Software Process and Device Authentication; M0930 Network Segmentation; M0937 Filter Network Traffic; M0941 Encrypt Sensitive Information; M0945 Code Signing; M0946 Boot Integrity; M0947 Audit
TA0110,Persistence,T1693.001,Modify Firmware: System Firmware,direct,"Suricata 1900106, (1900409)",,M0801 Access Management; M0802 Communication Authenticity; M0804 Human User Authentication; M0807 Network Allowlists; M0808 Encrypt Network Traffic; M0813 Software Process and Device Authentication; M0930 Network Segmentation; M0937 Filter Network Traffic; M0941 Encrypt Sensitive Information; M0945 Code Signing; M0946 Boot Integrity; M0947 Audit; M0951 Update Software
TA0110,Persistence,T1693.002,Modify Firmware: Module Firmware,none,,network,M0801 Access Management; M0802 Communication Authenticity; M0804 Human User Authentication; M0807 Network Allowlists; M0808 Encrypt Network Traffic; M0813 Software Process and Device Authentication; M0930 Network Segmentation; M0937 Filter Network Traffic; M0941 Encrypt Sensitive Information; M0945 Code Signing; M0946 Boot Integrity; M0947 Audit
TA0110,Persistence,T0889,Modify Program,direct,"Suricata (1900153), 1900513",,M0800 Authorization Enforcement; M0804 Human User Authentication; M0945 Code Signing; M0947 Audit
TA0110,Persistence,T0873,Project File Infection,none,,host,M0922 Restrict File and Directory Permissions; M0941 Encrypt Sensitive Information; M0945 Code Signing; M0947 Audit
TA0110,Persistence,T0873.001,Project File Infection: Siemens Project File Format,none,,host,M0922 Restrict File and Directory Permissions; M0941 Encrypt Sensitive Information; M0945 Code Signing; M0947 Audit
TA0110,Persistence,T0859,Valid Accounts,none,,host,M0801 Access Management; M0913 Application Developer Guidance; M0915 Active Directory Configuration; M0918 User Account Management; M0926 Privileged Account Management; M0927 Password Policies; M0932 Multi-factor Authentication; M0936 Account Use Policies; M0937 Filter Network Traffic; M0947 Audit
TA0111,Privilege Escalation,T0890,Exploitation for Privilege Escalation,none,,host,M0919 Threat Intelligence Program; M0948 Application Isolation and Sandboxing; M0950 Exploit Protection; M0951 Update Software
TA0111,Privilege Escalation,T0874,Hooking,none,,host,M0944 Restrict Library Loading; M0947 Audit
TA0103,Evasion,T0858,Change Operating Mode,direct,"Suricata (1900123), (1900124), (1900125), (1900126), (1900142), 1900151, 1900152, 1900463, and 5 more · Zeek ACID bacnet, enip/cip, s7comm",,M0800 Authorization Enforcement; M0801 Access Management; M0802 Communication Authenticity; M0804 Human User Authentication; M0807 Network Allowlists; M0813 Software Process and Device Authentication; M0930 Network Segmentation
TA0103,Evasion,T0820,Exploitation for Evasion,none,,host,M0919 Threat Intelligence Program; M0948 Application Isolation and Sandboxing; M0950 Exploit Protection; M0951 Update Software
TA0103,Evasion,T0872,Indicator Removal on Host,none,,host,M0922 Restrict File and Directory Permissions
TA0103,Evasion,T0849,Masquerading,none,,host,M0922 Restrict File and Directory Permissions; M0938 Execution Prevention; M0945 Code Signing
TA0103,Evasion,T0851,Rootkit,none,,host,M0945 Code Signing; M0947 Audit
TA0103,Evasion,T0894,System Binary Proxy Execution,none,,host,M0938 Execution Prevention
TA0103,Evasion,T1692,Unauthorized Message,direct,,,M0802 Communication Authenticity; M0807 Network Allowlists; M0813 Software Process and Device Authentication; M0930 Network Segmentation; M0937 Filter Network Traffic
TA0103,Evasion,T1692.001,Unauthorized Message: Command Message,direct,"Suricata 1900110, 1900111, 1900461, 1900475",,M0802 Communication Authenticity; M0807 Network Allowlists; M0813 Software Process and Device Authentication; M0818 Validate Program Inputs; M0930 Network Segmentation; M0937 Filter Network Traffic
TA0103,Evasion,T1692.002,Unauthorized Message: Reporting Message,none,,network,M0802 Communication Authenticity; M0807 Network Allowlists; M0813 Software Process and Device Authentication; M0930 Network Segmentation; M0937 Filter Network Traffic
TA0102,Discovery,T0840,Network Connection Enumeration,none,,host,M0816 Mitigation Limited or Not Effective
TA0102,Discovery,T0842,Network Sniffing,none,,host,M0808 Encrypt Network Traffic; M0814 Static Network Configuration; M0926 Privileged Account Management; M0930 Network Segmentation; M0932 Multi-factor Authentication
TA0102,Discovery,T0846,Remote System Discovery,direct,"Suricata 1900301, (1900406), 1900407 · Zeek layer 2 watch (ARP_Request_Flood)",,M0814 Static Network Configuration
TA0102,Discovery,T0846.001,Remote System Discovery: Port Scan,direct,"Suricata 1900311, 1900402",,M0814 Static Network Configuration; M0930 Network Segmentation; M0931 Network Intrusion Prevention
TA0102,Discovery,T0846.002,Remote System Discovery: Broadcast Discovery,direct,"Suricata 1900305, 1900408",,M0814 Static Network Configuration; M0930 Network Segmentation
TA0102,Discovery,T0846.003,Remote System Discovery: Multicast Discovery,none,,network,M0814 Static Network Configuration; M0930 Network Segmentation
TA0102,Discovery,T0888,Remote System Information Discovery,direct,"Suricata 1900103, 1900104, 1900144, (1900403), (1900404), 1900406, 1900411, 1900461, and 6 more",,M0814 Static Network Configuration
TA0102,Discovery,T0887,Wireless Sniffing,none,,network,M0806 Minimize Wireless Signal Propagation; M0808 Encrypt Network Traffic
TA0109,Lateral Movement,T0866,Exploitation of Remote Services,direct,"Suricata 1900182, 1900183, (1900184), (1900185)",,M0916 Vulnerability Scanning; M0919 Threat Intelligence Program; M0926 Privileged Account Management; M0930 Network Segmentation; M0942 Disable or Remove Feature or Program; M0948 Application Isolation and Sandboxing; M0950 Exploit Protection; M0951 Update Software
TA0109,Lateral Movement,T1694,Insecure Credentials,none,,network,M0801 Access Management
TA0109,Lateral Movement,T1694.001,Insecure Credentials: Default Credentials,none,,network,M0801 Access Management; M0927 Password Policies
TA0109,Lateral Movement,T1694.002,Insecure Credentials: Hardcoded Credentials,none,,network,M0801 Access Management
TA0109,Lateral Movement,T0867,Lateral Tool Transfer,direct,"Suricata (1900409) · YARA (TechDetechtives_Credential_Tool_Mimikatz_Text), TechDetechtives_OT_Attack_Framework_SCADA_Modules, TechDetechtives_OT_Exploitation_Framework_Names, TechDetechtives_OT_Industroyer_Component_Names, TechDetechtives_OT_Scan_Script_Names_Industrial_Probes, TechDetechtives_OT_Script_Stops_Or_Reprograms_Controller, TechDetechtives_OT_Stuxnet_File_Names, TechDetechtives_OT_Triton_Framework_Files, and 1 more",,M0931 Network Intrusion Prevention
TA0109,Lateral Movement,T0843,Program Download,direct,"Suricata (1900107), (1900108), 1900464, 1900503, 1900511, (1900513) · Zeek ACID bacnet, enip/cip, s7comm",,M0800 Authorization Enforcement; M0801 Access Management; M0802 Communication Authenticity; M0804 Human User Authentication; M0807 Network Allowlists; M0813 Software Process and Device Authentication; M0930 Network Segmentation; M0937 Filter Network Traffic; M0945 Code Signing; M0947 Audit
TA0109,Lateral Movement,T0843.001,Program Download: Download All,none,,network,M0800 Authorization Enforcement; M0801 Access Management; M0802 Communication Authenticity; M0804 Human User Authentication; M0807 Network Allowlists; M0813 Software Process and Device Authentication; M0930 Network Segmentation; M0937 Filter Network Traffic; M0945 Code Signing; M0947 Audit
TA0109,Lateral Movement,T0843.002,Program Download: Online Edit,none,,network,M0800 Authorization Enforcement; M0801 Access Management; M0802 Communication Authenticity; M0804 Human User Authentication; M0807 Network Allowlists; M0813 Software Process and Device Authentication; M0930 Network Segmentation; M0937 Filter Network Traffic; M0945 Code Signing; M0947 Audit
TA0109,Lateral Movement,T0843.003,Program Download: Program Append,none,,network,M0800 Authorization Enforcement; M0801 Access Management; M0802 Communication Authenticity; M0804 Human User Authentication; M0807 Network Allowlists; M0813 Software Process and Device Authentication; M0930 Network Segmentation; M0937 Filter Network Traffic; M0945 Code Signing; M0947 Audit
TA0109,Lateral Movement,T0886,Remote Services,none,,network,M0800 Authorization Enforcement; M0801 Access Management; M0804 Human User Authentication; M0807 Network Allowlists; M0813 Software Process and Device Authentication; M0918 User Account Management; M0927 Password Policies; M0930 Network Segmentation; M0937 Filter Network Traffic
TA0109,Lateral Movement,T0859,Valid Accounts,none,,host,M0801 Access Management; M0913 Application Developer Guidance; M0915 Active Directory Configuration; M0918 User Account Management; M0926 Privileged Account Management; M0927 Password Policies; M0932 Multi-factor Authentication; M0936 Account Use Policies; M0937 Filter Network Traffic; M0947 Audit
TA0100,Collection,T0830,Adversary-in-the-Middle,direct,"Zeek layer 2 watch (ARP_Reply_Burst), Address_Claimed_By_Two_Cards, Address_Taken_Over, Card_Answers_For_Many_Addresses",,M0802 Communication Authenticity; M0810 Out-of-Band Communications Channel; M0813 Software Process and Device Authentication; M0814 Static Network Configuration; M0930 Network Segmentation; M0931 Network Intrusion Prevention; M0942 Disable or Remove Feature or Program; M0947 Audit
TA0100,Collection,T0802,Automated Collection,none,,network,M0807 Network Allowlists; M0930 Network Segmentation
TA0100,Collection,T0811,Data from Information Repositories,none,,host,M0917 User Training; M0918 User Account Management; M0922 Restrict File and Directory Permissions; M0926 Privileged Account Management; M0941 Encrypt Sensitive Information; M0947 Audit
TA0100,Collection,T0893,Data from Local System,none,,host,M0803 Data Loss Prevention; M0917 User Training; M0922 Restrict File and Directory Permissions; M0941 Encrypt Sensitive Information
TA0100,Collection,T0868,Detect Operating Mode,related,Suricata (1900104),,M0800 Authorization Enforcement; M0801 Access Management; M0802 Communication Authenticity; M0804 Human User Authentication; M0807 Network Allowlists; M0813 Software Process and Device Authentication; M0930 Network Segmentation; M0937 Filter Network Traffic
TA0100,Collection,T0877,I/O Image,none,,host,M0816 Mitigation Limited or Not Effective
TA0100,Collection,T0801,Monitor Process State,direct,Zeek ACID bacnet,,M0816 Mitigation Limited or Not Effective
TA0100,Collection,T0861,Point & Tag Identification,related,"Suricata (1900403), (1900405)",,M0800 Authorization Enforcement; M0801 Access Management; M0802 Communication Authenticity; M0804 Human User Authentication; M0807 Network Allowlists; M0813 Software Process and Device Authentication; M0930 Network Segmentation; M0937 Filter Network Traffic
TA0100,Collection,T0845,Program Upload,direct,"Suricata 1900504, 1900512 · Zeek ACID bacnet, s7comm",,M0800 Authorization Enforcement; M0801 Access Management; M0802 Communication Authenticity; M0804 Human User Authentication; M0807 Network Allowlists; M0813 Software Process and Device Authentication; M0930 Network Segmentation; M0937 Filter Network Traffic
TA0100,Collection,T0852,Screen Capture,none,,host,M0816 Mitigation Limited or Not Effective
TA0100,Collection,T0887,Wireless Sniffing,none,,network,M0806 Minimize Wireless Signal Propagation; M0808 Encrypt Network Traffic
TA0101,Command and Control,T0885,Commonly Used Port,none,,network,M0804 Human User Authentication; M0930 Network Segmentation; M0931 Network Intrusion Prevention; M0942 Disable or Remove Feature or Program
TA0101,Command and Control,T0884,Connection Proxy,none,,network,M0807 Network Allowlists; M0920 SSL/TLS Inspection; M0931 Network Intrusion Prevention; M0937 Filter Network Traffic
TA0101,Command and Control,T0869,Standard Application Layer Protocol,related,Suricata (1900173) · Zeek intelligence (indicator match),,M0807 Network Allowlists; M0930 Network Segmentation; M0931 Network Intrusion Prevention
TA0107,Inhibit Response Function,T0800,Activate Firmware Update Mode,none,,network,M0800 Authorization Enforcement; M0801 Access Management; M0802 Communication Authenticity; M0804 Human User Authentication; M0807 Network Allowlists; M0813 Software Process and Device Authentication; M0930 Network Segmentation; M0937 Filter Network Traffic
TA0107,Inhibit Response Function,T0878,Alarm Suppression,direct,Suricata (1900127) · Zeek ACID bacnet,,M0807 Network Allowlists; M0810 Out-of-Band Communications Channel; M0814 Static Network Configuration; M0930 Network Segmentation
TA0107,Inhibit Response Function,T1695,Block Communications,related,,,M0807 Network Allowlists; M0810 Out-of-Band Communications Channel; M0930 Network Segmentation
TA0107,Inhibit Response Function,T1695.001,Block Communications: Serial COM,none,,network,M0807 Network Allowlists; M0810 Out-of-Band Communications Channel; M0930 Network Segmentation
TA0107,Inhibit Response Function,T1695.002,Block Communications: Ethernet,related,Suricata (1900143),,M0807 Network Allowlists; M0810 Out-of-Band Communications Channel; M0930 Network Segmentation
TA0107,Inhibit Response Function,T1695.003,Block Communications: Wi-Fi,none,,network,M0807 Network Allowlists; M0810 Out-of-Band Communications Channel; M0930 Network Segmentation
TA0107,Inhibit Response Function,T1691,Block Operational Technology Message,direct,,,M0807 Network Allowlists; M0810 Out-of-Band Communications Channel; M0814 Static Network Configuration
TA0107,Inhibit Response Function,T1691.001,Block Operational Technology Message: Command Message,none,,network,M0807 Network Allowlists; M0810 Out-of-Band Communications Channel; M0814 Static Network Configuration
TA0107,Inhibit Response Function,T1691.002,Block Operational Technology Message: Reporting Message,direct,"Suricata 1900127, 1900521",,M0807 Network Allowlists; M0810 Out-of-Band Communications Channel; M0814 Static Network Configuration
TA0107,Inhibit Response Function,T0892,Change Credential,none,,network,M0811 Redundancy of Service; M0927 Password Policies; M0953 Data Backup
TA0107,Inhibit Response Function,T0809,Data Destruction,direct,"Suricata 1900128, 1900153",,M0922 Restrict File and Directory Permissions; M0926 Privileged Account Management; M0953 Data Backup
TA0107,Inhibit Response Function,T0814,Denial of Service,direct,"Suricata 1900101, 1900301, 1900302, 1900303, 1900304, 1900306, 1900307, 1900308, and 10 more · Zeek ACID bacnet · Zeek layer 2 watch (Many_New_Cards)",,M0815 Watchdog Timers
TA0107,Inhibit Response Function,T0816,Device Restart/Shutdown,direct,"Suricata 1900102, 1900121, 1900122, (1900132), 1900141, 1900161, (1900466)",,M0800 Authorization Enforcement; M0801 Access Management; M0802 Communication Authenticity; M0804 Human User Authentication; M0807 Network Allowlists; M0813 Software Process and Device Authentication; M0930 Network Segmentation; M0937 Filter Network Traffic; M0942 Disable or Remove Feature or Program
TA0107,Inhibit Response Function,T0835,Manipulate I/O Image,direct,"Zeek ACID (bacnet), enip/cip forcing, s7comm forcing",,M0816 Mitigation Limited or Not Effective
TA0107,Inhibit Response Function,T0838,Modify Alarm Settings,related,Suricata (1900127),,M0800 Authorization Enforcement; M0801 Access Management; M0804 Human User Authentication; M0807 Network Allowlists; M0813 Software Process and Device Authentication; M0918 User Account Management; M0930 Network Segmentation
TA0107,Inhibit Response Function,T1693,Modify Firmware,direct,,,M0801 Access Management; M0802 Communication Authenticity; M0804 Human User Authentication; M0807 Network Allowlists; M0808 Encrypt Network Traffic; M0813 Software Process and Device Authentication; M0930 Network Segmentation; M0937 Filter Network Traffic; M0941 Encrypt Sensitive Information; M0945 Code Signing; M0946 Boot Integrity; M0947 Audit
TA0107,Inhibit Response Function,T1693.001,Modify Firmware: System Firmware,direct,"Suricata 1900106, (1900409)",,M0801 Access Management; M0802 Communication Authenticity; M0804 Human User Authentication; M0807 Network Allowlists; M0808 Encrypt Network Traffic; M0813 Software Process and Device Authentication; M0930 Network Segmentation; M0937 Filter Network Traffic; M0941 Encrypt Sensitive Information; M0945 Code Signing; M0946 Boot Integrity; M0947 Audit; M0951 Update Software
TA0107,Inhibit Response Function,T1693.002,Modify Firmware: Module Firmware,none,,network,M0801 Access Management; M0802 Communication Authenticity; M0804 Human User Authentication; M0807 Network Allowlists; M0808 Encrypt Network Traffic; M0813 Software Process and Device Authentication; M0930 Network Segmentation; M0937 Filter Network Traffic; M0941 Encrypt Sensitive Information; M0945 Code Signing; M0946 Boot Integrity; M0947 Audit
TA0107,Inhibit Response Function,T0851,Rootkit,none,,host,M0945 Code Signing; M0947 Audit
TA0107,Inhibit Response Function,T0881,Service Stop,none,,host,M0918 User Account Management; M0922 Restrict File and Directory Permissions; M0924 Restrict Registry Permissions; M0930 Network Segmentation
TA0106,Impair Process Control,T0806,Brute Force I/O,direct,Suricata 1900401,,M0807 Network Allowlists; M0813 Software Process and Device Authentication; M0930 Network Segmentation; M0937 Filter Network Traffic
TA0106,Impair Process Control,T1693,Modify Firmware,direct,,,M0801 Access Management; M0802 Communication Authenticity; M0804 Human User Authentication; M0807 Network Allowlists; M0808 Encrypt Network Traffic; M0813 Software Process and Device Authentication; M0930 Network Segmentation; M0937 Filter Network Traffic; M0941 Encrypt Sensitive Information; M0945 Code Signing; M0946 Boot Integrity; M0947 Audit
TA0106,Impair Process Control,T1693.001,Modify Firmware: System Firmware,direct,"Suricata 1900106, (1900409)",,M0801 Access Management; M0802 Communication Authenticity; M0804 Human User Authentication; M0807 Network Allowlists; M0808 Encrypt Network Traffic; M0813 Software Process and Device Authentication; M0930 Network Segmentation; M0937 Filter Network Traffic; M0941 Encrypt Sensitive Information; M0945 Code Signing; M0946 Boot Integrity; M0947 Audit; M0951 Update Software
TA0106,Impair Process Control,T1693.002,Modify Firmware: Module Firmware,none,,network,M0801 Access Management; M0802 Communication Authenticity; M0804 Human User Authentication; M0807 Network Allowlists; M0808 Encrypt Network Traffic; M0813 Software Process and Device Authentication; M0930 Network Segmentation; M0937 Filter Network Traffic; M0941 Encrypt Sensitive Information; M0945 Code Signing; M0946 Boot Integrity; M0947 Audit
TA0106,Impair Process Control,T0836,Modify Parameter,direct,"Suricata (1900109), 1900130, (1900131), (1900143), 1900523 · Zeek ACID bacnet, enip/cip, s7comm",,M0800 Authorization Enforcement; M0804 Human User Authentication; M0818 Validate Program Inputs; M0947 Audit
TA0106,Impair Process Control,T1692,Unauthorized Message,direct,,,M0802 Communication Authenticity; M0807 Network Allowlists; M0813 Software Process and Device Authentication; M0930 Network Segmentation; M0937 Filter Network Traffic
TA0106,Impair Process Control,T1692.001,Unauthorized Message: Command Message,direct,"Suricata 1900110, 1900111, 1900461, 1900475",,M0802 Communication Authenticity; M0807 Network Allowlists; M0813 Software Process and Device Authentication; M0818 Validate Program Inputs; M0930 Network Segmentation; M0937 Filter Network Traffic
TA0106,Impair Process Control,T1692.002,Unauthorized Message: Reporting Message,none,,network,M0802 Communication Authenticity; M0807 Network Allowlists; M0813 Software Process and Device Authentication; M0930 Network Segmentation; M0937 Filter Network Traffic
TA0105,Impact,T0879,Damage to Property,none,,effect,M0805 Mechanical Protection Layers; M0807 Network Allowlists; M0812 Safety Instrumented Systems
TA0105,Impact,T0813,Denial of Control,none,,effect,M0810 Out-of-Band Communications Channel; M0811 Redundancy of Service; M0953 Data Backup
TA0105,Impact,T0815,Denial of View,none,,effect,M0810 Out-of-Band Communications Channel; M0811 Redundancy of Service; M0953 Data Backup
TA0105,Impact,T0826,Loss of Availability,none,,effect,M0810 Out-of-Band Communications Channel; M0811 Redundancy of Service; M0953 Data Backup
TA0105,Impact,T0827,Loss of Control,none,,effect,M0810 Out-of-Band Communications Channel; M0811 Redundancy of Service; M0953 Data Backup
TA0105,Impact,T0828,Loss of Productivity and Revenue,none,,effect,M0953 Data Backup
TA0105,Impact,T0837,Loss of Protection,none,,effect,
TA0105,Impact,T0880,Loss of Safety,none,,effect,M0805 Mechanical Protection Layers; M0812 Safety Instrumented Systems
TA0105,Impact,T0829,Loss of View,none,,effect,M0810 Out-of-Band Communications Channel; M0811 Redundancy of Service; M0953 Data Backup
TA0105,Impact,T0831,Manipulation of Control,none,,effect,M0802 Communication Authenticity; M0810 Out-of-Band Communications Channel; M0953 Data Backup
TA0105,Impact,T0832,Manipulation of View,none,,effect,M0802 Communication Authenticity; M0810 Out-of-Band Communications Channel; M0953 Data Backup
TA0105,Impact,T0882,Theft of Operational Information,none,,effect,M0803 Data Loss Prevention; M0809 Operational Information Confidentiality; M0922 Restrict File and Directory Permissions; M0941 Encrypt Sensitive Information
